ID,Name,Age,Math,English,Science,Total,Total2,Average,Passed,Grade
1,Alice,14,60,70,75,205,205,68.33333333333333,True,C
2,Bob,15,55,65,80,200,200,66.66666666666667,True,C
3,Charlie,13,72,78,85,235,235,78.33333333333333,True,B
4,Diana,14,90,88,92,270,270,90.0,True,A
5,Eric,15,40,50,55,145,145,48.333333333333336,False,D
